"","gamma1","gamma2","dgamma","sbs","nchains","est","var","sample_var","mse"
"1",0.5,0.5,0,1,1,0,0,0,2.59440318761643e-18
"2",0.5,0.5,0,1,2,9.99919292986757e-10,5.00640221453358e-17,4.99919296243568e-17,4.9365162570306e-17
"3",0.5,0.5,0,1,5,0,0,0,2.59440318761643e-18
"4",0.5,0.5,0,1,10,4.01263500427377e-09,1.25144773409487e-16,1.36450927414791e-16,1.39491128012145e-16
"5",0.5,0.5,0,10,1,0,0,0,2.59440318761643e-18
"6",0.5,0.5,0,10,2,0,0,0,2.59440318761643e-18
"7",0.5,0.5,0,10,5,5.06642369749614e-10,1.28528327048567e-17,1.28343245412752e-17,1.37966146813171e-17
"8",0.5,0.5,0,10,10,0,0,0,2.59440318761643e-18
"9",0.5,0.5,0,50,1,0,0,0,2.59440318761643e-18
"10",0.5,0.5,0,50,2,3.45485689476263e-09,3.27624192434762e-16,3.21649362531397e-16,3.18617234177849e-16
"11",0.5,0.5,0,50,5,4.93589959716709e-10,1.21991192285356e-17,1.21815524166571e-17,1.31858899850014e-17
"12",0.5,0.5,0,50,10,1.50433768896891e-09,6.29333594177597e-17,6.18160235551645e-17,6.05910192412216e-17
"13",0.5,0.5,0,100,1,4.99161904045551e-10,1.24760959827442e-17,1.2458130322519e-17,1.3444518260942e-17
"14",0.5,0.5,0,100,2,0,0,0,2.59440318761643e-18
"15",0.5,0.5,0,100,5,4.97995915837599e-10,1.24178784361219e-17,1.23999966095464e-17,1.33901406976346e-17
"16",0.5,0.5,0,100,10,0,0,0,2.59440318761643e-18
"17",0.5,1,0.5,1,1,0,0,0,2.59440318761643e-18
"18",0.5,1,0.5,1,2,1.04545986221269e-08,1.001709998129e-15,9.09151935507449e-16,9.69183172252388e-16
"19",0.5,1,0.5,1,5,3.07328311329144e-08,3.82834934922627e-15,5.19750461614906e-15,5.94165216507978e-15
"20",0.5,1,0.5,1,10,2.31582812862639e-08,1.23580727020391e-15,1.18394639430554e-15,1.62456507424514e-15
"21",0.5,1,0.5,10,1,0,0,0,2.59440318761643e-18
"22",0.5,1,0.5,10,2,9.32793009470919e-09,7.21690531462699e-16,6.46572461736395e-16,6.93196419516318e-16
"23",0.5,1,0.5,10,5,2.72543422359105e-08,3.51394633559938e-15,3.47454464748538e-15,4.06264936635761e-15
"24",0.5,1,0.5,10,10,2.99494386860855e-08,3.45382857163543e-15,4.42543044622538e-15,5.14000509083499e-15
"25",0.5,1,0.5,50,1,0,0,0,2.59440318761643e-18
"26",0.5,1,0.5,50,2,1.4082760004397e-08,1.97467146835951e-15,1.80969775420752e-15,1.92905570280061e-15
"27",0.5,1,0.5,50,5,1.67904500681679e-08,1.62123752003798e-15,1.54057102423361e-15,1.74018395694151e-15
"28",0.5,1,0.5,50,10,8.96403980998813e-09,5.74887889810835e-16,5.03781671179081e-16,5.47777421798364e-16
"29",0.5,1,0.5,100,1,4.99161904045551e-10,1.24760959827442e-17,1.2458130322519e-17,1.3444518260942e-17
"30",0.5,1,0.5,100,2,5.77150017860982e-09,6.32664756150146e-16,6.10656633092707e-16,6.15755632761101e-16
"31",0.5,1,0.5,100,5,1.4422637979042e-08,1.54631506482114e-15,1.51080369089629e-15,1.64473298450538e-15
"32",0.5,1,0.5,100,10,6.5541480989936e-09,6.59367506373933e-16,6.28021587272389e-16,6.39898685175987e-16
"33",0.5,1.5,1,1,1,0,0,0,2.59440318761643e-18
"34",0.5,1.5,1,1,2,9.25507329800253e-09,7.05124634698162e-16,6.31074355956884e-16,6.76889080839655e-16
"35",0.5,1.5,1,1,5,8.1697053182825e-08,1.00298685979325e-14,1.07880595118987e-14,1.698611986648e-14
"36",0.5,1.5,1,1,10,1.15950147509417e-07,1.3803912402301e-14,1.15814120721125e-14,2.44232896305268e-14
"37",0.5,1.5,1,10,1,0,0,0,2.59440318761643e-18
"38",0.5,1.5,1,10,2,1.1939102662165e-08,9.38777253548424e-16,8.11105342606796e-16,9.01558825041088e-16
"39",0.5,1.5,1,10,5,1.74345476319128e-07,1.98017761018224e-14,1.65268502667711e-14,4.6033610989047e-14
"40",0.5,1.5,1,10,10,9.77581463545371e-08,9.98105312224453e-15,8.59809790565136e-15,1.76704644811461e-14
"41",0.5,1.5,1,50,1,0,0,0,2.59440318761643e-18
"42",0.5,1.5,1,50,2,9.94806395923265e-08,1.15661432131569e-14,1.13589056231915e-14,2.07102496275651e-14
"43",0.5,1.5,1,50,5,2.93582965291094e-07,3.34497801454758e-14,3.74732246712115e-14,1.21971555049604e-13
"44",0.5,1.5,1,50,10,1.16547580700018e-07,1.23688743607518e-14,1.07961650259094e-14,2.37907247954768e-14
"45",0.5,1.5,1,100,1,4.99161904045551e-10,1.24760959827442e-17,1.2458130322519e-17,1.3444518260942e-17
"46",0.5,1.5,1,100,2,2.14325062542078e-07,2.80187749352547e-14,3.04953866148115e-14,7.51328724830602e-14
"47",0.5,1.5,1,100,5,3.52402611883505e-07,4.74891930332212e-14,4.94018913413206e-14,1.71468808351649e-13
"48",0.5,1.5,1,100,10,1.07606574442226e-07,9.79096715103058e-15,8.61578646983086e-15,1.96785929345613e-14
"49",0.5,2,1.5,1,1,0,0,0,2.59440318761643e-18
"50",0.5,2,1.5,1,2,2.54700103501557e-08,3.32552107310113e-15,2.97380974554592e-15,3.48359951966553e-15
"51",0.5,2,1.5,1,5,2.6255476121856e-07,3.03126439820362e-14,3.38995434714589e-14,1.01313347797967e-13
"52",0.5,2,1.5,1,10,2.70549483454716e-07,2.51079448655166e-14,2.30997346472198e-14,9.4965801069369e-14
"53",0.5,2,1.5,10,1,0,0,0,2.59440318761643e-18
"54",0.5,2,1.5,10,2,2.9632790416259e-08,2.94519994669367e-15,3.28192957440957e-15,4.0015276870077e-15
"55",0.5,2,1.5,10,5,8.52231188994558e-07,9.54654512661971e-14,1.12390776632694e-13,8.33698151679993e-13
"56",0.5,2,1.5,10,10,4.52813771633684e-07,5.39578287624801e-14,6.36109122484328e-14,2.65922892213606e-13
"57",0.5,2,1.5,50,1,0,0,0,2.59440318761643e-18
"58",0.5,2,1.5,50,2,4.5047226886395e-07,5.69146994658125e-14,6.67587784163061e-14,2.6690029728025e-13
"59",0.5,2,1.5,50,5,2.57552548942379e-06,3.13315503813386e-13,2.90799130905553e-13,6.91002041368305e-12
"60",0.5,2,1.5,50,10,8.88581070361621e-07,1.10969407107125e-13,9.47819921374758e-14,8.79602763377779e-13
"61",0.5,2,1.5,100,1,4.99161904045551e-10,1.24760959827442e-17,1.2458130322519e-17,1.3444518260942e-17
"62",0.5,2,1.5,100,2,1.37939504482472e-06,1.79351340297788e-13,2.40832530062445e-13,2.1343055386498e-12
"63",0.5,2,1.5,100,5,2.80191182461126e-06,3.52043126595484e-13,3.72249451213821e-13,8.20649076602523e-12
"64",0.5,2,1.5,100,10,9.77638451342982e-07,1.1642303856971e-13,1.04615406413034e-13,1.0551532401675e-12
"65",1,0.5,-0.5,1,1,1.52460481371857e-09,2.18676271359112e-18,1.90819135342496e-18,1.8774425106601e-18
"66",1,0.5,-0.5,1,2,3.74384275348254e-12,7.0182856588845e-22,7.00817928140187e-22,2.58304347730836e-18
"67",1,0.5,-0.5,1,5,0,0,0,2.59440318761643e-18
"68",1,0.5,-0.5,1,10,0,0,0,2.59440318761643e-18
"69",1,0.5,-0.5,10,1,1.41760366513938e-09,2.65250595855731e-18,2.51749219663203e-18,2.50443438547725e-18
"70",1,0.5,-0.5,10,2,7.74853765315241e-12,3.0063209099881e-21,3.00199178811603e-21,2.57244380594188e-18
"71",1,0.5,-0.5,10,5,3.45379532946732e-12,5.97295217932583e-22,5.96435108892512e-22,2.58387346203004e-18
"72",1,0.5,-0.5,10,10,3.27288224638769e-11,2.61780566771639e-20,2.55808002893863e-20,2.51510992952203e-18
"73",1,0.5,-0.5,50,1,1.72489639116175e-09,3.07428487230236e-18,3.28400663883269e-18,3.2313638694618e-18
"74",1,0.5,-0.5,50,2,4.11404668815134e-11,2.39182173063408e-20,2.26441192867014e-20,2.48575581869282e-18
"75",1,0.5,-0.5,50,5,2.86420669868169e-10,3.03670216146708e-19,3.04557410012882e-19,2.05222204409267e-18
"76",1,0.5,-0.5,50,10,2.65284318371125e-10,2.85127443846599e-19,4.64846409597755e-19,2.26573351487401e-18
"77",1,0.5,-0.5,100,1,1.14168577022652e-09,1.60061075730019e-18,1.46820529232337e-18,1.65882971446144e-18
"78",1,0.5,-0.5,100,2,5.22439750889558e-10,1.04767914115711e-18,9.04095657238502e-19,2.07035701622799e-18
"79",1,0.5,-0.5,100,5,7.45775353665658e-10,1.10855416128363e-18,8.98637105481084e-19,1.6287851572913e-18
"80",1,0.5,-0.5,100,10,7.8546920853904e-10,1.47732124643545e-18,1.37301463368403e-18,2.02658515017759e-18
"81",1,1,0,1,1,1.52460481371857e-09,2.18676271359112e-18,1.90819135342496e-18,1.8774425106601e-18
"82",1,1,0,1,2,1.75403025072625e-09,1.76333069411736e-18,1.56985749264821e-18,1.55899957039612e-18
"83",1,1,0,1,5,1.59596794917029e-09,8.67084514782904e-19,7.32166945927015e-19,7.17741085962749e-19
"84",1,1,0,1,10,1.58436225787818e-09,5.49382294896962e-19,7.49499870099913e-19,7.35204345873369e-19
"85",1,1,0,10,1,1.41760366513938e-09,2.65250595855731e-18,2.51749219663203e-18,2.50443438547725e-18
"86",1,1,0,10,2,1.70733636397077e-09,1.7507791815398e-18,1.67138648121114e-18,1.64729441698405e-18
"87",1,1,0,10,5,1.87765372966845e-09,2.25216588951481e-18,2.4117294854079e-18,2.4347511187186e-18
"88",1,1,0,10,10,1.536987298547e-09,1.3333408810388e-18,2.02823654654452e-18,1.99310760680386e-18
"89",1,1,0,50,1,1.72489639116175e-09,3.07428487230236e-18,3.28400663883269e-18,3.2313638694618e-18
"90",1,1,0,50,2,2.03169830379327e-09,3.49456427038962e-18,2.08071613247264e-18,2.21632865352065e-18
"91",1,1,0,50,5,1.4270270897879e-09,2.75633895478028e-18,3.27835800363618e-18,3.2465321348457e-18
"92",1,1,0,50,10,1.47716233690699e-09,2.21573733319384e-18,2.29415833765991e-18,2.26611151593451e-18
"93",1,1,0,100,1,1.14168577022652e-09,1.60061075730019e-18,1.46820529232337e-18,1.65882971446144e-18
"94",1,1,0,100,2,1.58394039134827e-09,2.65274423231275e-18,2.72636532883749e-18,2.67255490818589e-18
"95",1,1,0,100,5,1.12638310260304e-09,2.45443446065526e-18,2.8062063232857e-18,2.98465969683467e-18
"96",1,1,0,100,10,1.6083261819736e-09,3.17523259385287e-18,2.96046643582538e-18,2.90126281411867e-18
"97",1,1.5,0.5,1,1,1.52460481371857e-09,2.18676271359112e-18,1.90819135342496e-18,1.8774425106601e-18
"98",1,1.5,0.5,1,2,6.96456711879473e-09,1.17623059262555e-17,1.34916780633549e-17,4.18855757609241e-17
"99",1,1.5,0.5,1,5,2.1730160700669e-08,3.0870515161717e-17,2.38506866809765e-17,4.2816576354802e-16
"100",1,1.5,0.5,1,10,2.08711501168998e-08,2.08823852036421e-17,1.86558379851583e-17,3.8924707761699e-16
"101",1,1.5,0.5,10,1,1.41760366513938e-09,2.65250595855731e-18,2.51749219663203e-18,2.50443438547725e-18
"102",1,1.5,0.5,10,2,8.21636308482392e-09,1.38910303203088e-17,1.62553918982635e-17,5.95648691372303e-17
"103",1,1.5,0.5,10,5,1.52839087410059e-08,2.41994527258986e-17,2.15708153307668e-17,2.08095622908087e-16
"104",1,1.5,0.5,10,10,1.56460158244515e-08,2.50966445741325e-17,1.62413417617817e-17,2.1290618087963e-16
"105",1,1.5,0.5,50,1,1.72489639116175e-09,3.07428487230236e-18,3.28400663883269e-18,3.2313638694618e-18
"106",1,1.5,0.5,50,2,8.89017351064992e-09,1.4734496508863e-17,1.66145031057351e-17,6.92727275508322e-17
"107",1,1.5,0.5,50,5,1.03553660728467e-08,1.84577094120239e-17,1.52647667255732e-17,9.14283917334526e-17
"108",1,1.5,0.5,50,10,7.20500223909524e-09,1.21214973850595e-17,1.20788495697446e-17,4.31333209845821e-17
"109",1,1.5,0.5,100,1,1.14168577022652e-09,1.60061075730019e-18,1.46820529232337e-18,1.65882971446144e-18
"110",1,1.5,0.5,100,2,1.00498340591063e-08,1.72217343032756e-17,1.98668110888687e-17,9.06882033888124e-17
"111",1,1.5,0.5,100,5,7.72452001489178e-09,1.45867922867463e-17,1.59625803098673e-17,5.30219390351136e-17
"112",1,1.5,0.5,100,10,5.4084344434471e-09,8.11253580756596e-18,9.47615210313743e-18,2.37093011447609e-17
"113",1,2,1,1,1,1.52460481371857e-09,2.18676271359112e-18,1.90819135342496e-18,1.8774425106601e-18
"114",1,2,1,1,2,1.29237038903731e-08,2.41425895091324e-17,3.11773127682006e-17,1.58537481502926e-16
"115",1,2,1,1,5,6.02791419393941e-08,9.62014102833768e-17,1.31086762951715e-16,3.57044933352608e-15
"116",1,2,1,1,10,6.44462208258682e-08,8.31676477620636e-17,1.14529273963407e-16,4.06053946619347e-15
"117",1,2,1,10,1,1.41760366513938e-09,2.65250595855731e-18,2.51749219663203e-18,2.50443438547725e-18
"118",1,2,1,10,2,1.40225532838857e-08,2.4405877650145e-17,1.86185297721133e-17,1.72299885861607e-16
"119",1,2,1,10,5,6.31091182206584e-08,1.07650970753294e-16,1.72042766009228e-16,3.9506554950088e-15
"120",1,2,1,10,10,5.00351964073566e-08,8.18095546619518e-17,1.14358054068054e-16,2.4570012812423e-15
"121",1,2,1,50,1,1.72489639116175e-09,3.07428487230236e-18,3.28400663883269e-18,3.2313638694618e-18
"122",1,2,1,50,2,2.85085378654609e-08,5.08163814441544e-17,4.85112647063086e-17,7.71033908028416e-16
"123",1,2,1,50,5,5.35837624641735e-08,9.36749652959644e-17,1.41159083915873e-16,2.83953355280574e-15
"124",1,2,1,50,10,3.19161248560199e-08,5.18344210859488e-17,5.3094849629083e-17,9.70450812096088e-16
"125",1,2,1,100,1,1.14168577022652e-09,1.60061075730019e-18,1.46820529232337e-18,1.65882971446144e-18
"126",1,2,1,100,2,3.7753471965216e-08,6.92564143770088e-17,8.03613610756154e-17,1.38505300645494e-15
"127",1,2,1,100,5,4.34499866266611e-08,7.8982838851979e-17,7.54236139636113e-17,1.82443978215688e-15
"128",1,2,1,100,10,2.48080296805591e-08,4.17873805605296e-17,5.13548333534294e-17,5.884431396545e-16
"129",1.5,0.5,-1,1,1,1.48876802794211e-09,1.44826369916895e-19,3.80183977896714e-19,3.87451390829414e-19
"130",1.5,0.5,-1,1,2,0,0,0,2.59440318761643e-18
"131",1.5,0.5,-1,1,5,0,0,0,2.59440318761643e-18
"132",1.5,0.5,-1,1,10,0,0,0,2.59440318761643e-18
"133",1.5,0.5,-1,10,1,1.58489711337424e-09,1.5802835739361e-19,4.35209497230191e-19,4.27171876588538e-19
"134",1.5,0.5,-1,10,2,0,0,0,2.59440318761643e-18
"135",1.5,0.5,-1,10,5,1.87777911700564e-12,7.97137759124385e-23,7.76254419784422e-23,2.58843365218429e-18
"136",1.5,0.5,-1,10,10,2.99543819035204e-13,4.49279462990965e-24,4.48632497610974e-24,2.59344271442645e-18
"137",1.5,0.5,-1,50,1,1.66008794727999e-09,1.62970693608452e-19,4.68542814848589e-19,4.61609634937288e-19
"138",1.5,0.5,-1,50,2,3.05212982986644e-11,1.53641509889105e-21,1.07364634714968e-21,2.498064677576e-18
"139",1.5,0.5,-1,50,5,1.6843877611006e-10,1.19601750744978e-20,1.51219106630402e-20,2.09498051547871e-18
"140",1.5,0.5,-1,50,10,9.86938829470159e-11,4.81682292239128e-21,6.03032472810545e-21,2.29211792997637e-18
"141",1.5,0.5,-1,100,1,1.7332552854432e-09,1.74762157933667e-19,3.62595195819e-19,3.70359384823956e-19
"142",1.5,0.5,-1,100,2,2.42247742563143e-10,1.69832357565381e-20,1.87209733943461e-20,1.89104950838626e-18
"143",1.5,0.5,-1,100,5,5.63656888092002e-10,5.24786044922417e-20,1.00190673763485e-19,1.19451779467681e-18
"144",1.5,0.5,-1,100,10,4.27542532920867e-10,3.59176529290055e-20,6.1267472784877e-20,1.45993948666672e-18
"145",1.5,1,-0.5,1,1,1.48876802794211e-09,1.44826369916895e-19,3.80183977896714e-19,3.87451390829414e-19
"146",1.5,1,-0.5,1,2,1.46106906162539e-11,1.68508140586459e-22,2.06059098680833e-22,2.54775127732728e-18
"147",1.5,1,-0.5,1,5,1.36561392473145e-12,9.14329082143642e-24,7.41349288890899e-24,2.59001308775619e-18
"148",1.5,1,-0.5,1,10,7.36570310801059e-12,4.16606878705999e-23,5.22615848173064e-23,2.57078055886737e-18
"149",1.5,1,-0.5,10,1,1.58489711337424e-09,1.5802835739361e-19,4.35209497230191e-19,4.27171876588538e-19
"150",1.5,1,-0.5,10,2,2.49212688300121e-11,6.40914885492044e-22,7.27275368714782e-22,2.51545485824721e-18
"151",1.5,1,-0.5,10,5,2.27557194955765e-11,1.20984464174908e-21,1.43857838779897e-21,2.52302485443405e-18
"152",1.5,1,-0.5,10,10,4.26177227666845e-11,1.47498606004632e-21,1.9555859925436e-21,2.46084591157176e-18
"153",1.5,1,-0.5,50,1,1.66008794727999e-09,1.62970693608452e-19,4.68542814848589e-19,4.61609634937288e-19
"154",1.5,1,-0.5,50,2,1.6811063015064e-10,1.00608542023752e-20,1.37606784365239e-20,2.09459316988365e-18
"155",1.5,1,-0.5,50,5,3.97737865554625e-10,3.04150745679952e-20,5.19660142711686e-20,1.52224050612122e-18
"156",1.5,1,-0.5,50,10,3.03615404557094e-10,1.88426579670136e-20,3.36086629527754e-20,1.7414461475434e-18
"157",1.5,1,-0.5,100,1,1.7332552854432e-09,1.74762157933667e-19,3.62595195819e-19,3.70359384823956e-19
"158",1.5,1,-0.5,100,2,4.81386512067705e-10,3.50384439399791e-20,4.00887457461072e-20,1.3146700683878e-18
"159",1.5,1,-0.5,100,5,7.86325167878023e-10,7.13901711120275e-20,1.36634337533839e-19,8.13520438732455e-19
"160",1.5,1,-0.5,100,10,7.49547113500296e-10,6.74140179184588e-20,8.95468888001887e-20,8.2936628100003e-19
"161",1.5,1.5,0,1,1,1.48876802794211e-09,1.44826369916895e-19,3.80183977896714e-19,3.87451390829414e-19
"162",1.5,1.5,0,1,2,1.82733864441912e-09,1.01366816815121e-19,3.44350864120188e-19,3.84389599538669e-19
"163",1.5,1.5,0,1,5,1.52108279266661e-09,3.63114883135509e-20,2.68364144556868e-19,2.71030815202428e-19
"164",1.5,1.5,0,1,10,1.58985667638473e-09,2.17457597337478e-20,2.49202656874729e-19,2.44653678275454e-19
"165",1.5,1.5,0,10,1,1.58489711337424e-09,1.5802835739361e-19,4.35209497230191e-19,4.27171876588538e-19
"166",1.5,1.5,0,10,2,1.69807981619381e-09,1.02358281971251e-19,4.42065050691787e-19,4.40856340371158e-19
"167",1.5,1.5,0,10,5,1.60440992236734e-09,8.04960892893308e-20,6.71280268307816e-19,6.57894418418996e-19
"168",1.5,1.5,0,10,10,1.67218062925961e-09,6.32345486477217e-20,5.36832481036642e-19,5.29873840632932e-19
"169",1.5,1.5,0,50,1,1.66008794727999e-09,1.62970693608452e-19,4.68542814848589e-19,4.61609634937288e-19
"170",1.5,1.5,0,50,2,1.76993803299691e-09,1.50997895372627e-19,5.19501619902783e-19,5.34463524534282e-19
"171",1.5,1.5,0,50,5,1.79295088846347e-09,1.51718784846162e-19,4.46533895781794e-19,4.70813094325412e-19
"172",1.5,1.5,0,50,10,1.48156500741729e-09,1.01592787570203e-19,4.23972201977351e-19,4.32172508701664e-19
"173",1.5,1.5,0,100,1,1.7332552854432e-09,1.74762157933667e-19,3.62595195819e-19,3.70359384823956e-19
"174",1.5,1.5,0,100,2,1.77507080801817e-09,1.57014586779513e-19,3.14420536926969e-19,3.3514491941113e-19
"175",1.5,1.5,0,100,5,1.86866924308793e-09,1.83481603002637e-19,6.42598842200102e-19,6.9628719660451e-19
"176",1.5,1.5,0,100,10,1.77639054408537e-09,1.72246537553382e-19,3.89652241412759e-19,4.09307543777488e-19
"177",1.5,2,0.5,1,1,1.48876802794211e-09,1.44826369916895e-19,3.80183977896714e-19,3.87451390829414e-19
"178",1.5,2,0.5,1,2,6.6406323022294e-09,6.71034967928943e-19,4.74567228508686e-18,2.99508257312622e-17
"179",1.5,2,0.5,1,5,1.24964998118197e-08,7.78877446912719e-19,1.65466058592437e-17,1.34715982167516e-16
"180",1.5,2,0.5,1,10,1.18999136103379e-08,4.4971626209988e-19,1.18447202683122e-17,1.17475431501548e-16
"181",1.5,2,0.5,10,1,1.58489711337424e-09,1.5802835739361e-19,4.35209497230191e-19,4.27171876588538e-19
"182",1.5,2,0.5,10,2,6.31971412678017e-09,6.26277344700202e-19,4.36839408687641e-18,2.64556978807577e-17
"183",1.5,2,0.5,10,5,9.56667661118061e-09,8.07322848475622e-19,2.0667740390145e-17,8.35517088817749e-17
"184",1.5,2,0.5,10,10,9.45515317201116e-09,6.85912322522754e-19,1.44914540651169e-17,7.57368333852342e-17
"185",1.5,2,0.5,50,1,1.66008794727999e-09,1.62970693608452e-19,4.68542814848589e-19,4.61609634937288e-19
"186",1.5,2,0.5,50,2,5.91184492269152e-09,5.65938000986272e-19,3.99761919371819e-18,2.24173844166294e-17
"187",1.5,2,0.5,50,5,6.61902058982262e-09,6.3113553157398e-19,3.84338373573664e-18,2.8849639771731e-17
"188",1.5,2,0.5,50,10,5.30880531828835e-09,4.94222985940665e-19,5.62082640135596e-18,1.91842810113782e-17
"189",1.5,2,0.5,100,1,1.7332552854432e-09,1.74762157933667e-19,3.62595195819e-19,3.70359384823956e-19
"190",1.5,2,0.5,100,2,5.64709359754273e-09,5.67873118247625e-19,2.9565725673425e-18,1.91897923554769e-17
"191",1.5,2,0.5,100,5,4.96492296547953e-09,5.16546978679737e-19,3.29333680884801e-18,1.4478180364547e-17
"192",1.5,2,0.5,100,10,4.60802455668362e-09,4.74957570988455e-19,2.53586510942706e-18,1.1469011685415e-17
"193",2,0.5,-1.5,1,1,1.92179905725877e-09,6.82331741386439e-20,4.49812257584501e-18,4.50493334231467e-18
"194",2,0.5,-1.5,1,2,0,0,0,2.59440318761643e-18
"195",2,0.5,-1.5,1,5,0,0,0,2.59440318761643e-18
"196",2,0.5,-1.5,1,10,0,0,0,2.59440318761643e-18
"197",2,0.5,-1.5,10,1,1.84701252406759e-09,6.76044925211796e-20,4.60471996587376e-18,4.56846203121883e-18
"198",2,0.5,-1.5,10,2,7.80544425879326e-15,3.05064094687295e-27,3.04624800385643e-27,2.59437804596856e-18
"199",2,0.5,-1.5,10,5,3.49810529436273e-13,2.49276129707242e-24,2.41510642644315e-24,2.59327878657255e-18
"200",2,0.5,-1.5,10,10,5.08420818537018e-13,4.90825128837395e-24,5.60772466892645e-24,2.59277109948207e-18
"201",2,0.5,-1.5,50,1,1.67518839178947e-09,5.41147922488185e-20,4.04385463068932e-18,3.96713434125826e-18
"202",2,0.5,-1.5,50,2,1.97664812658643e-11,2.67467622091775e-22,6.13268698502887e-22,2.53171856435928e-18
"203",2,0.5,-1.5,50,5,1.37860935433762e-10,3.22605309672058e-21,3.06958161938812e-20,2.19938133955542e-18
"204",2,0.5,-1.5,50,10,7.35023069606502e-11,1.23209758243153e-21,9.60168695128128e-21,2.37243287606898e-18
"205",2,0.5,-1.5,100,1,1.99689081303286e-09,6.02654844524792e-20,3.65810527093404e-18,3.73407483384551e-18
"206",2,0.5,-1.5,100,2,1.33723778690286e-10,1.9969703558181e-21,2.20281445407367e-20,2.20309099461878e-18
"207",2,0.5,-1.5,100,5,4.92847124820619e-10,1.34620747382339e-20,2.71707216306112e-19,1.51590191956111e-18
"208",2,0.5,-1.5,100,10,4.71907124707975e-10,1.62160733656966e-20,3.50594336799146e-19,1.64046609300661e-18
"209",2,1,-1,1,1,1.92179905725877e-09,6.82331741386439e-20,4.49812257584501e-18,4.50493334231467e-18
"210",2,1,-1,1,2,6.71246009626239e-13,8.34679676462803e-25,9.93020465349374e-25,2.59224223915805e-18
"211",2,1,-1,1,5,0,0,0,2.59440318761643e-18
"212",2,1,-1,1,10,9.60389066382158e-14,1.041795635604e-25,9.67408905263235e-26,2.59409390900852e-18
"213",2,1,-1,10,1,1.84701252406759e-09,6.76044925211796e-20,4.60471996587376e-18,4.56846203121883e-18
"214",2,1,-1,10,2,2.6895307019992e-12,1.1658976361862e-23,1.77014790709949e-23,2.58576363312349e-18
"215",2,1,-1,10,5,3.01584998481404e-12,1.17784006539348e-23,2.62391485352739e-23,2.5847226470118e-18
"216",2,1,-1,10,10,6.32350933641017e-12,3.44097050153247e-23,9.86452430422008e-23,2.57416910256567e-18
"217",2,1,-1,50,1,1.67518839178947e-09,5.41147922488185e-20,4.04385463068932e-18,3.96713434125826e-18
"218",2,1,-1,50,2,9.0411996283296e-11,1.21254588899408e-21,8.23065310456783e-21,2.31938761841649e-18
"219",2,1,-1,50,5,2.43146764794232e-10,5.6964261596531e-21,8.97937609439557e-20,1.95824108324186e-18
"220",2,1,-1,50,10,1.49040336920211e-10,2.20943872423136e-21,3.08396360883061e-20,2.16671600561968e-18
"221",2,1,-1,100,1,1.99689081303286e-09,6.02654844524792e-20,3.65810527093404e-18,3.73407483384551e-18
"222",2,1,-1,100,2,2.73439170780604e-10,4.37770977555715e-21,7.25496152069284e-20,1.85940557881146e-18
"223",2,1,-1,100,5,6.88994750506889e-10,2.06680780678568e-20,5.77160874448673e-19,1.41518609067268e-18
"224",2,1,-1,100,10,6.97683272173215e-10,2.23774387396911e-20,6.77429908119232e-19,1.49750845933222e-18
"225",2,1.5,-0.5,1,1,1.92179905725877e-09,6.82331741386439e-20,4.49812257584501e-18,4.50493334231467e-18
"226",2,1.5,-0.5,1,2,8.89330861664687e-11,5.02353719618937e-22,7.70371826416308e-21,2.3233701927793e-18
"227",2,1.5,-0.5,1,5,1.89821545084001e-11,3.58443139956764e-23,4.53991946272207e-22,2.53405873547982e-18
"228",2,1.5,-0.5,1,10,6.33896326223606e-11,1.07412724578482e-22,4.23334681008426e-21,2.39836483398279e-18
"229",2,1.5,-0.5,10,1,1.84701252406759e-09,6.76044925211796e-20,4.60471996587376e-18,4.56846203121883e-18
"230",2,1.5,-0.5,10,2,1.03770010420386e-10,8.31010112670087e-22,1.40679899535639e-20,2.28467018391608e-18
"231",2,1.5,-0.5,10,5,7.99106003116396e-11,7.38143000283678e-22,1.10917503502656e-20,2.35423238316645e-18
"232",2,1.5,-0.5,10,10,1.33432542989729e-10,1.02619255577532e-21,2.10731803323959e-20,2.203015519727e-18
"233",2,1.5,-0.5,50,1,1.67518839178947e-09,5.41147922488185e-20,4.04385463068932e-18,3.96713434125826e-18
"234",2,1.5,-0.5,50,2,4.16935060723351e-10,8.13599199246863e-21,1.6861914660863e-19,1.59035758605798e-18
"235",2,1.5,-0.5,50,5,5.27774729651559e-10,1.17652330368442e-20,4.52882125527771e-19,1.61658436522075e-18
"236",2,1.5,-0.5,50,10,4.14092101876552e-10,7.00891629883098e-21,2.6039345920128e-19,1.68709222995712e-18
"237",2,1.5,-0.5,100,1,1.99689081303286e-09,6.02654844524792e-20,3.65810527093404e-18,3.73407483384551e-18
"238",2,1.5,-0.5,100,2,6.30863349972419e-10,1.25347174396832e-20,3.76497408498733e-19,1.329076945362e-18
"239",2,1.5,-0.5,100,5,1.06854558724235e-09,3.31956156627231e-20,1.41965517022006e-18,1.68520986563963e-18
"240",2,1.5,-0.5,100,10,1.10976850196614e-09,3.577153417879e-20,1.72504135169604e-18,1.94148803561555e-18
"241",2,2,0,1,1,1.92179905725877e-09,6.82331741386439e-20,4.49812257584501e-18,4.50493334231467e-18
"242",2,2,0,1,2,1.90549559133887e-09,3.04621428533287e-20,3.79314470413969e-18,3.80417733820277e-18
"243",2,2,0,1,5,1.5233756532786e-09,9.08871180381875e-21,2.66395652651783e-18,2.61830557788264e-18
"244",2,2,0,1,10,2.04417520065879e-09,8.24155241026236e-21,4.2960550596051e-18,4.39802160267732e-18
"245",2,2,0,10,1,1.84701252406759e-09,6.76044925211796e-20,4.60471996587376e-18,4.56846203121883e-18
"246",2,2,0,10,2,1.49470729238504e-09,2.08933968606142e-20,2.64833108124901e-18,2.60882227495877e-18
"247",2,2,0,10,5,1.47598464564361e-09,1.79967508074174e-20,3.62643400246358e-18,3.57205762228307e-18
"248",2,2,0,10,10,1.80456798887392e-09,1.68773272464725e-20,4.03088587514601e-18,3.98784709363894e-18
"249",2,2,0,50,1,1.67518839178947e-09,5.41147922488185e-20,4.04385463068932e-18,3.96713434125826e-18
"250",2,2,0,50,2,2.32714155951751e-09,5.74098711794574e-20,5.14175594350968e-18,5.55218767240724e-18
"251",2,2,0,50,5,1.90892202033748e-09,5.21072564092929e-20,5.68374761166747e-18,5.65900001672776e-18
"252",2,2,0,50,10,1.53449667052053e-09,3.00550461083446e-20,3.52563306453822e-18,3.46092965480679e-18
"253",2,2,0,100,1,1.99689081303286e-09,6.02654844524792e-20,3.65810527093404e-18,3.73407483384551e-18
"254",2,2,0,100,2,1.83979393101342e-09,3.87428564073777e-20,3.2156885468385e-18,3.2038518790049e-18
"255",2,2,0,100,5,2.1698151149766e-09,6.53376833747179e-20,5.70796912373665e-18,5.90640254917842e-18
"256",2,2,0,100,10,2.45663984315083e-09,8.44790858453637e-20,8.45561478698826e-18,9.00209113383279e-18
